{
	"format_version": "1.12.0",
	"minecraft:geometry": [
		{
			"description": {
				"identifier": "geometry.midnightlurker",
				"texture_width": 64,
				"texture_height": 64,
				"visible_bounds_width": 4,
				"visible_bounds_height": 4.5,
				"visible_bounds_offset": [0, 1.75, 0]
			},
			"bones": [
				{
					"name": "head",
					"pivot": [0, 35, -0.5],
					"cubes": [
						{"origin": [-4, 34.5, -5.5], "size": [8, 8, 8], "uv": [0, 0]},
						{"origin": [-4, 31.5, -5.5], "size": [8, 3, 0], "uv": [26, 16]},
						{"origin": [-1, 33, -1], "size": [2, 2, 2], "pivot": [0, 34.5, 1.5], "rotation": [5, 0, 0], "uv": [0, 0]}
					]
				},
				{
					"name": "body",
					"pivot": [0, 24, 0],
					"cubes": [
						{"origin": [-5, 25, -3.5], "size": [10, 8, 6], "pivot": [0, 25, -0.25], "rotation": [5, 0, 0], "uv": [0, 16]},
						{"origin": [-4, 17, -2.5], "size": [8, 8, 5], "pivot": [0, 25, -0.25], "rotation": [5, 0, 0], "uv": [27, 25]}
					]
				},
				{
					"name": "left_arm",
					"pivot": [5.5, 32, -1],
					"mirror": true,
					"cubes": [
						{"origin": [6, 21, -1.5], "size": [2, 12, 2], "pivot": [6, 27, -0.5], "rotation": [5, 0, -12.5], "uv": [20, 48], "mirror": false},
						{"origin": [8.56369, 9.54547, -2.05413], "size": [2, 12, 2], "inflate": 0.025, "pivot": [9.56369, 15.54547, 0.54587], "rotation": [-10, 0, -12.5], "uv": [48, 14], "mirror": false},
						{"origin": [8.06369, 11.54547, -2.55413], "size": [3, 10, 3], "inflate": 0.025, "pivot": [9.56369, 15.54547, 0.54587], "rotation": [-10, 0, -12.5], "uv": [28, 38], "mirror": false},
						{"origin": [7.56369, 9.04547, -3.05413], "size": [4, 10, 4], "inflate": 0.025, "pivot": [9.56369, 15.54547, 0.54587], "rotation": [-10, 0, -12.5], "uv": [32, 0], "mirror": false},
						{"origin": [8.50544, 8.32313, -3.73017], "size": [1, 2, 1], "inflate": 0.025, "pivot": [9.00544, 8.82313, -3.23017], "rotation": [-10, 0, 15], "uv": [32, 22], "mirror": false},
						{"origin": [8.65544, 6.52091, -3.99064], "size": [1, 2, 1], "inflate": 0.05, "pivot": [9.00544, 7.34591, -3.49064], "rotation": [-10, -5, -12.5], "uv": [30, 19], "mirror": false},
						{"origin": [12.35232, 4.8664, -4.87813], "size": [1, 3, 1], "inflate": 0.05, "pivot": [14.07732, 6.3664, -2.85313], "rotation": [-7.5, 7.5, 22.5], "uv": [28, 0], "mirror": false},
						{"origin": [12.35232, 4.8664, -3.37813], "size": [1, 3, 1], "inflate": 0.05, "pivot": [14.07732, 6.3664, -2.85313], "rotation": [-7.5, 7.5, 22.5], "uv": [24, 4], "mirror": false},
						{"origin": [12.35232, 4.8664, -1.87813], "size": [1, 3, 1], "inflate": 0.05, "pivot": [14.07732, 6.3664, -2.85313], "rotation": [-7.5, 7.5, 22.5], "uv": [24, 0], "mirror": false},
						{"origin": [12.67321, 7.44967, -4.41901], "size": [1, 3, 1], "inflate": 0.025, "pivot": [12.67321, 8.44967, -2.41901], "rotation": [-10, 0, -22.5], "uv": [0, 16], "mirror": false},
						{"origin": [12.67321, 7.44967, -2.91901], "size": [1, 3, 1], "inflate": 0.025, "pivot": [12.67321, 8.44967, -2.41901], "rotation": [-10, 0, -22.5], "uv": [4, 4], "mirror": false},
						{"origin": [12.67321, 7.44967, -1.41901], "size": [1, 3, 1], "inflate": 0.025, "pivot": [12.67321, 8.44967, -2.41901], "rotation": [-10, 0, -22.5], "uv": [0, 4], "mirror": false}
					]
				},
				{
					"name": "right_arm",
					"pivot": [-5.5, 32, -1],
					"mirror": true,
					"cubes": [
						{"origin": [-8, 21, -1.5], "size": [2, 12, 2], "pivot": [-6, 27, -0.5], "rotation": [5, 0, 12.5], "uv": [12, 48], "mirror": false},
						{"origin": [-10.56369, 9.54547, -2.05413], "size": [2, 12, 2], "inflate": 0.025, "pivot": [-9.56369, 15.54547, 0.54587], "rotation": [-10, 0, 12.5], "uv": [48, 0], "mirror": false},
						{"origin": [-11.06369, 11.54547, -2.55413], "size": [3, 10, 3], "inflate": 0.025, "pivot": [-9.56369, 15.54547, 0.54587], "rotation": [-10, 0, 12.5], "uv": [16, 35], "mirror": false},
						{"origin": [-11.56369, 9.04547, -3.05413], "size": [4, 10, 4], "inflate": 0.025, "pivot": [-9.56369, 15.54547, 0.54587], "rotation": [-10, 0, 12.5], "uv": [0, 30], "mirror": false},
						{"origin": [-9.65544, 6.52091, -3.99064], "size": [1, 2, 1], "inflate": 0.05, "pivot": [-9.00544, 7.34591, -3.49064], "rotation": [-10, 5, 12.5], "uv": [34, 19], "mirror": false},
						{"origin": [-9.50544, 8.32313, -3.73017], "size": [1, 2, 1], "inflate": 0.025, "pivot": [-9.00544, 8.82313, -3.23017], "rotation": [-10, 0, -15], "uv": [26, 19], "mirror": false},
						{"origin": [-13.67321, 7.44967, -1.41901], "size": [1, 3, 1], "inflate": 0.025, "pivot": [-12.67321, 8.44967, -2.41901], "rotation": [-10, 0, 22.5], "uv": [32, 0], "mirror": false},
						{"origin": [-13.67321, 7.44967, -2.91901], "size": [1, 3, 1], "inflate": 0.025, "pivot": [-12.67321, 8.44967, -2.41901], "rotation": [-10, 0, 22.5], "uv": [20, 30], "mirror": false},
						{"origin": [-13.67321, 7.44967, -4.41901], "size": [1, 3, 1], "inflate": 0.025, "pivot": [-12.67321, 8.44967, -2.41901], "rotation": [-10, 0, 22.5], "uv": [16, 30], "mirror": false},
						{"origin": [-13.35232, 4.8664, -1.87813], "size": [1, 3, 1], "inflate": 0.05, "pivot": [-14.07732, 6.3664, -2.85313], "rotation": [-7.5, -7.5, -22.5], "uv": [12, 30], "mirror": false},
						{"origin": [-13.35232, 4.8664, -3.37813], "size": [1, 3, 1], "inflate": 0.05, "pivot": [-14.07732, 6.3664, -2.85313], "rotation": [-7.5, -7.5, -22.5], "uv": [0, 30], "mirror": false},
						{"origin": [-13.35232, 4.8664, -4.87813], "size": [1, 3, 1], "inflate": 0.05, "pivot": [-14.07732, 6.3664, -2.85313], "rotation": [-7.5, -7.5, -22.5], "uv": [28, 4], "mirror": false}
					]
				},
				{
					"name": "left_leg",
					"pivot": [2, 17, 0.6],
					"mirror": true,
					"cubes": [
						{"origin": [1, 7, -0.75], "size": [2, 10.5, 2], "pivot": [2, 11, 0.5], "rotation": [-2.5, 0, 0], "uv": [46, 50], "mirror": false},
						{"origin": [0.5, 0, -1.25], "size": [3, 9, 3], "uv": [40, 38], "mirror": false}
					]
				},
				{
					"name": "right_leg",
					"pivot": [-2, 17, 0.6],
					"mirror": true,
					"cubes": [
						{"origin": [-3.5, 0, -1.25], "size": [3, 9, 3], "uv": [0, 44], "mirror": false},
						{"origin": [-3, 7, -0.75], "size": [2, 10.5, 2], "pivot": [-2, 11, 0.5], "rotation": [-2.5, 0, 0], "uv": [38, 50], "mirror": false}
					]
				}
			]
		}
	]
}